{
  "certificate": "certificates/final_certificate_c9997_r12_A30_v2.jsonl",
  "certificate_sha256": "c8d89c766981211147fccf35c29dc4f30bab3977a5f3e16df9f4bbd32c3e0803",
  "certificate_size_bytes": 59634018,
  "cpu_seconds": 27.791028,
  "dp_cache_entries": 71835,
  "dp_cache_hits": 8098155,
  "dp_cache_misses": 71835,
  "factorization_seconds": 0.003760915969905909,
  "generation_result": "completed",
  "isolated_parent_wall_seconds": 28.37812637499883,
  "leaf_record_count": 42525,
  "max_reachable_residue_set_size": 3108078,
  "peak_rss_kib": 2526304,
  "prune_record_count": 565936,
  "record_count": 608461,
  "recursive_node_count": 789774,
  "retained_cycle_count": 4439,
  "row_count": 242,
  "search_seconds": 26.86690066317533,
  "serialization_seconds": 0.9705927958566463,
  "total_residues_stored": 240171709,
  "wall_seconds": 27.841342209001596
}
